epoch,train_loss,train_acc,val_loss,val_acc,seed,batch_size,learning_rate,hidden_size
1,0.368112,0.899100,0.219989,0.935500,42,64,0.001,128
2,0.167892,0.951200,0.160896,0.952100,42,64,0.001,128
3,0.118505,0.966120,0.132716,0.959600,42,64,0.001,128
4,0.090108,0.973960,0.116255,0.964000,42,64,0.001,128
5,0.071147,0.979040,0.107065,0.968300,42,64,0.001,128
